{"usuarios":[
	{
		"Usuario": "enriquealmonaci@hotmail.com",
		"Nombre": "Juan Enrique Almonaci Valadez",
		"Password": "Miagenda123",
    "Fecha_Nacimiento":"1982-06-23"
	},
	{
    "Usuario": "sergiofonseca@hotmail.com",
		"Nombre": "Sergio fonseca Balandran",
		"Password": "hts123",
    "Fecha_Nacimiento":"1980-07-04"
	},
	{
    "Usuario": "miguelangellopez@hotmail.com",
    "Nombre": "Miguel Angel Lopez Anguiano",
    "Password": "ram123",
    "Fecha_Nacimiento":"1978-06-28"
	}
]}
